City_ID,City,Lat,Lng,Max Temp,Humidity,Cloudiness,Wind Speed,Country,Date
0,Punta Arenas,-53.15,-70.9167,46.51,61,40,24.16,CL,2022-02-02 02:23:49
1,Ushuaia,-54.8,-68.3,42.46,65,40,37.98,AR,2022-02-02 02:20:34
2,Thompson,55.7435,-97.8558,-23.64,69,0,6.91,CA,2022-02-02 02:23:50
3,Atuona,-9.8,-139.0333,78.87,72,8,18.41,PF,2022-02-02 02:23:50
4,Tigil,57.8,158.6667,24.22,79,98,9.06,RU,2022-02-02 02:23:51
5,Albany,42.6001,-73.9662,30.78,70,100,3.0,US,2022-02-02 02:19:30
6,Lagoa,39.05,-27.9833,58.95,71,13,13.33,PT,2022-02-02 02:23:52
7,Isangel,-19.55,169.2667,86.11,79,75,2.3,VU,2022-02-02 02:23:53
8,Hasaki,35.7333,140.8333,48.6,32,0,21.79,JP,2022-02-02 02:23:54
9,Kapaa,22.0752,-159.319,79.12,66,0,4.0,US,2022-02-02 02:23:54
10,Ahipara,-35.1667,173.1667,76.33,63,100,14.99,NZ,2022-02-02 02:23:54
11,Port Elizabeth,-33.918,25.5701,74.1,88,0,2.3,ZA,2022-02-02 02:19:35
12,Nanortalik,60.1432,-45.2371,8.26,68,41,15.48,GL,2022-02-02 02:23:02
13,Tarpon Springs,28.1461,-82.7568,64.11,65,0,3.0,US,2022-02-02 02:23:55
14,Avarua,-21.2078,-159.775,82.45,78,20,11.5,CK,2022-02-02 02:23:56
15,Souillac,-20.5167,57.5167,80.37,94,75,26.46,MU,2022-02-02 02:23:56
16,Tiksi,71.6872,128.8694,-9.4,96,100,6.96,RU,2022-02-02 02:23:57
17,New Norfolk,-42.7826,147.0587,64.65,39,76,3.0,AU,2022-02-02 02:23:57
18,Salisbury,51.0693,-1.7957,50.65,90,100,13.8,GB,2022-02-02 02:23:59
19,Victoria,22.2855,114.1577,61.25,91,100,1.01,HK,2022-02-02 02:21:43
20,Kavieng,-2.5744,150.7967,81.79,74,100,6.08,PG,2022-02-02 02:23:59
21,Hobyo,5.3505,48.5268,77.16,80,100,17.45,SO,2022-02-02 02:24:00
22,Dicabisagan,17.0818,122.4157,76.89,71,89,8.1,PH,2022-02-02 02:24:00
23,Kalemie,-5.9475,29.1947,70.97,86,100,4.43,CD,2022-02-02 02:24:01
24,Port Blair,11.6667,92.75,77.04,78,20,2.3,IN,2022-02-02 02:23:07
25,Petropavlovsk-Kamchatskiy,53.0452,158.6483,32.59,93,100,38.03,RU,2022-02-02 02:20:55
26,Veraval,20.9,70.3667,68.18,64,0,7.11,IN,2022-02-02 02:24:02
27,Puerto Ayora,-0.7393,-90.3518,74.55,95,100,3.0,EC,2022-02-02 02:24:02
28,Manyana,-23.4,21.7167,67.98,85,46,9.33,BW,2022-02-02 02:24:03
29,San Patricio,28.017,-97.5169,61.84,80,17,8.32,US,2022-02-02 02:24:03
30,Rikitea,-23.1203,-134.9692,78.44,69,86,5.55,PF,2022-02-02 02:24:01
31,Bathsheba,13.2167,-59.5167,79.41,78,40,14.97,BB,2022-02-02 02:24:04
32,Geraldton,-28.7667,114.6,97.21,19,0,31.07,AU,2022-02-02 02:24:04
33,Buala,-8.145,159.5921,84.45,75,75,8.23,SB,2022-02-02 02:24:05
34,Preston,53.7667,-2.7167,51.78,94,100,1.99,GB,2022-02-02 02:24:05
35,Marawi,7.9986,124.2928,71.65,70,100,3.76,PH,2022-02-02 02:24:06
36,Vaini,-21.2,-175.2,86.16,70,40,10.36,TO,2022-02-02 02:19:34
37,Mahebourg,-20.4081,57.7,80.26,94,75,26.46,MU,2022-02-02 02:24:06
38,Tevriz,57.509,72.4042,4.33,98,89,3.94,RU,2022-02-02 02:24:07
39,Dwarka,22.2394,68.9678,70.79,77,0,9.01,IN,2022-02-02 02:24:07
40,Biak,-0.9131,122.8766,82.06,62,100,2.35,ID,2022-02-02 02:24:08
41,Domoni,-12.2569,44.5319,79.16,85,100,3.76,KM,2022-02-02 02:24:08
42,Jamestown,42.097,-79.2353,36.99,50,0,8.01,US,2022-02-02 02:22:57
43,Cheremisinovo,51.8855,37.2646,24.91,98,100,6.8,RU,2022-02-02 02:24:09
44,Hilo,19.7297,-155.09,76.24,81,75,6.91,US,2022-02-02 02:19:37
45,Turkan,40.3639,50.215,33.98,93,0,4.61,AZ,2022-02-02 02:24:10
46,Lompoc,34.6391,-120.4579,57.51,45,0,9.22,US,2022-02-02 02:22:00
47,Kathu,7.9178,98.3332,85.69,70,60,8.21,TH,2022-02-02 02:25:10
48,Southbridge,42.0751,-72.0334,30.42,84,98,2.71,US,2022-02-02 02:25:11
49,Hithadhoo,-0.6,73.0833,82.44,71,10,12.21,MV,2022-02-02 02:25:11
50,Port Lincoln,-34.7333,135.8667,63.34,54,97,15.9,AU,2022-02-02 02:25:12
51,Verkhoyansk,67.5447,133.385,-15.29,97,100,1.19,RU,2022-02-02 02:25:12
52,Coquimbo,-29.9533,-71.3436,62.33,94,0,5.75,CL,2022-02-02 02:25:13
53,Busselton,-33.65,115.3333,76.05,40,52,16.24,AU,2022-02-02 02:25:13
54,Sarmizegetusa,45.5167,22.7833,23.23,92,55,4.88,RO,2022-02-02 02:25:14
55,San Cristobal,7.7669,-72.225,71.78,61,99,1.57,VE,2022-02-02 02:25:14
56,Monywa,22.1167,95.1333,63.79,54,0,7.96,MM,2022-02-02 02:25:15
57,Guerrero Negro,27.9769,-114.0611,60.53,73,94,12.88,MX,2022-02-02 02:25:16
58,Loksa,59.5764,25.7214,21.52,95,97,1.99,EE,2022-02-02 02:25:17
59,Asau,46.4333,26.4,26.76,91,91,5.84,RO,2022-02-02 02:25:17
60,Singkang,2.1006,102.7994,82.29,71,52,2.93,MY,2022-02-02 02:25:17
61,Barrow,71.2906,-156.7887,-16.58,69,0,10.36,US,2022-02-02 02:24:37
62,Yerofey Pavlovich,53.9667,121.9667,-0.67,67,22,3.36,RU,2022-02-02 02:25:18
63,Bluff,-46.6,168.3333,72.81,73,86,10.31,NZ,2022-02-02 02:25:19
64,Launceston,-41.45,147.1667,66.79,38,75,4.0,AU,2022-02-02 02:25:19
65,Mar Del Plata,-38.0023,-57.5575,70.09,84,0,5.99,AR,2022-02-02 02:25:20
66,Cape Town,-33.9258,18.4232,68.11,83,75,1.99,ZA,2022-02-02 02:21:23
67,Henties Bay,-22.116,14.2845,65.86,83,85,2.89,NA,2022-02-02 02:21:02
68,Galle,6.0367,80.217,73.63,82,11,7.85,LK,2022-02-02 02:25:21
69,Saint-Philippe,-21.3585,55.7679,81.95,93,100,24.29,RE,2022-02-02 02:25:22
70,Hoima,1.4356,31.3436,71.17,54,100,2.95,UG,2022-02-02 02:25:22
71,Mataura,-46.1927,168.8643,72.48,64,97,5.46,NZ,2022-02-02 02:25:22
72,Naliya,23.2667,68.8333,66.67,85,0,6.91,IN,2022-02-02 02:25:23
73,Talnakh,69.4865,88.3972,2.21,95,100,7.72,RU,2022-02-02 02:22:03
74,Airai,-8.9266,125.4092,72.01,58,79,5.35,TL,2022-02-02 02:25:24
75,Byron Bay,-28.65,153.6167,87.91,66,100,2.33,AU,2022-02-02 02:25:25
76,Nikolskoye,59.7035,30.7861,24.69,98,99,2.64,RU,2022-02-02 02:25:25
77,Cayenne,4.9333,-52.3333,76.08,90,100,5.75,GF,2022-02-02 02:25:26
78,Margate,51.3813,1.3862,51.66,78,100,5.99,GB,2022-02-02 02:23:24
79,Dunedin,-45.8742,170.5036,77.18,58,58,17.4,NZ,2022-02-02 02:22:32
80,Makat,47.6469,53.3463,28.71,96,94,3.69,KZ,2022-02-02 02:25:26
81,Port Hedland,-20.3167,118.5667,87.85,74,100,5.75,AU,2022-02-02 02:20:41
82,Bundaberg,-24.85,152.35,89.89,73,40,7.0,AU,2022-02-02 02:25:27
83,Los Llanos De Aridane,28.6585,-17.9182,62.35,63,0,3.44,ES,2022-02-02 02:25:28
84,Venado Tuerto,-33.7456,-61.9688,72.79,47,0,5.88,AR,2022-02-02 02:25:28
85,High Level,58.5169,-117.136,-18.29,76,0,0.0,CA,2022-02-02 02:25:20
86,Ostrovnoy,68.0531,39.5131,20.48,90,100,11.65,RU,2022-02-02 02:23:12
87,Ust-Tsilma,65.441,52.1498,11.08,95,100,6.17,RU,2022-02-02 02:25:30
88,Palekh,56.8028,41.8572,20.84,94,100,10.16,RU,2022-02-02 02:25:30
89,Tinde,-3.8833,33.2,63.45,96,99,2.62,TZ,2022-02-02 02:25:31
90,Hofn,64.2539,-15.2082,25.5,68,72,10.92,IS,2022-02-02 02:25:31
91,Dongsheng,39.8161,109.9776,13.68,27,0,6.31,CN,2022-02-02 02:25:32
92,Berlevag,70.8578,29.0864,21.83,74,76,8.68,NO,2022-02-02 02:27:24
93,Tezu,27.9167,96.1667,57.97,75,99,0.47,IN,2022-02-02 02:27:24
94,Bengkulu,-3.8004,102.2655,74.91,79,100,4.81,ID,2022-02-02 02:27:25
95,Tasiilaq,65.6145,-37.6368,10.56,72,100,5.1,GL,2022-02-02 02:27:25
96,Qaqortoq,60.7167,-46.0333,14.5,89,8,4.5,GL,2022-02-02 02:27:26
97,Yellowknife,62.456,-114.3525,-27.58,80,0,5.75,CA,2022-02-02 02:27:26
98,Solnechnyy,50.7214,136.6319,3.31,91,100,2.51,RU,2022-02-02 02:23:22
99,Kloulklubed,7.0419,134.2556,84.7,75,100,20.0,PW,2022-02-02 02:27:27
100,Arraial Do Cabo,-22.9661,-42.0278,75.54,90,100,10.42,BR,2022-02-02 02:27:28
101,Sept-Iles,50.2001,-66.3821,2.05,66,100,3.0,CA,2022-02-02 02:26:24
102,Coruripe,-10.1256,-36.1756,78.31,78,2,8.43,BR,2022-02-02 02:27:28
103,Rocha,-34.4833,-54.3333,58.86,75,0,6.17,UY,2022-02-02 02:23:26
104,Kodiak,57.79,-152.4072,38.71,87,100,6.91,US,2022-02-02 02:27:29
105,Comodoro Rivadavia,-45.8667,-67.5,66.06,63,0,9.22,AR,2022-02-02 02:27:29
106,Bambous Virieux,-20.3428,57.7575,80.22,94,75,26.46,MU,2022-02-02 02:27:30
107,Dilla,6.41,38.31,60.08,55,72,3.56,ET,2022-02-02 02:25:14
108,Saskylakh,71.9167,114.0833,-28.48,100,37,1.16,RU,2022-02-02 02:27:30
109,Ixtapa,20.7,-105.2,74.43,57,0,8.05,MX,2022-02-02 02:27:31
110,Skerries,53.5828,-6.1083,50.09,93,100,21.25,IE,2022-02-02 02:27:31
111,Codrington,-38.2667,141.9667,60.62,55,100,14.56,AU,2022-02-02 02:27:32
112,Tuensang,26.2833,94.8333,50.09,91,76,2.08,IN,2022-02-02 02:27:32
113,Villa Del Rosario,7.8339,-72.4742,77.38,69,40,2.3,CO,2022-02-02 02:27:33
114,Klaksvik,62.2266,-6.589,36.52,66,100,23.15,FO,2022-02-02 02:27:33
115,Limoux,42.9167,2.1667,50.11,81,77,11.63,FR,2022-02-02 02:27:34
116,Shetpe,44.1667,52.1167,33.42,89,7,3.91,KZ,2022-02-02 02:27:34
117,Gurgaon,28.4667,77.0333,51.84,100,0,6.91,IN,2022-02-02 02:23:11
118,Ucluelet,48.9329,-125.5528,40.08,85,30,4.27,CA,2022-02-02 02:26:34
119,Severo-Kurilsk,50.6789,156.125,30.99,74,100,11.25,RU,2022-02-02 02:23:58
120,Zverinogolovskoye,54.4586,64.8542,15.75,85,90,14.16,RU,2022-02-02 02:27:36
121,Presov,49.1667,21.25,30.79,94,100,1.99,SK,2022-02-02 02:27:36
122,Faanui,-16.4833,-151.75,81.07,76,11,19.86,PF,2022-02-02 02:27:37
123,Castro,-24.7911,-50.0119,63.07,95,89,5.48,BR,2022-02-02 02:23:57
124,Cockburn Town,21.4612,-71.1419,75.81,76,39,20.83,TC,2022-02-02 02:27:37
125,Cherskiy,68.75,161.3,10.56,70,99,4.61,RU,2022-02-02 02:27:38
126,Georgetown,5.4112,100.3354,85.93,75,20,5.75,MY,2022-02-02 02:24:33
127,East London,-33.0153,27.9116,76.75,73,100,5.03,ZA,2022-02-02 02:27:39
128,Port Alfred,-33.5906,26.891,77.63,74,100,6.55,ZA,2022-02-02 02:27:39
129,Upernavik,72.7868,-56.1549,-13.7,75,100,5.77,GL,2022-02-02 02:26:23
130,Orotukan,62.2667,151.7,-6.93,96,100,3.85,RU,2022-02-02 02:27:40
131,Hays,30.0502,-98.0336,59.11,80,94,1.01,US,2022-02-02 02:23:36
132,Guilin,25.2819,110.2864,42.91,90,100,7.67,CN,2022-02-02 02:27:41
133,Faya,18.3851,42.4509,50.52,60,0,4.5,SA,2022-02-02 02:27:41
134,Igarka,67.4667,86.5833,5.25,96,99,9.4,RU,2022-02-02 02:27:41
135,Terenos,-20.4422,-54.8603,74.91,88,75,6.91,BR,2022-02-02 02:27:42
136,Gopalpur,19.2667,84.9167,68.27,64,2,5.61,IN,2022-02-02 02:27:42
137,Awjilah,29.1081,21.2869,52.99,41,44,8.25,LY,2022-02-02 02:27:43
138,Carnarvon,-24.8667,113.6333,84.27,70,98,14.97,AU,2022-02-02 02:27:44
139,Tuatapere,-46.1333,167.6833,72.82,75,86,6.96,NZ,2022-02-02 02:27:44
140,Longyearbyen,78.2186,15.6401,22.84,63,75,0.0,SJ,2022-02-02 02:24:06
141,Lasa,46.6166,10.7002,36.48,94,100,9.28,IT,2022-02-02 02:28:45
142,Moss Vale,-34.55,150.3833,61.02,97,100,4.88,AU,2022-02-02 02:28:45
143,Hobart,-42.8794,147.3294,64.26,41,75,1.01,AU,2022-02-02 02:28:46
144,Ponta Do Sol,32.6667,-17.1,69.12,41,100,12.19,PT,2022-02-02 02:28:46
145,Taltal,-25.4,-70.4833,66.27,79,0,2.62,CL,2022-02-02 02:28:48
146,Clyde River,70.4692,-68.5914,-27.17,75,75,3.44,CA,2022-02-02 02:28:49
147,Necochea,-38.5473,-58.7368,60.04,80,51,5.28,AR,2022-02-02 02:28:49
148,Qaanaaq,77.484,-69.3632,-19.75,65,100,11.61,GL,2022-02-02 02:25:20
149,Spas-Demensk,54.4122,34.0226,17.29,95,100,7.4,RU,2022-02-02 02:28:50
150,Quatre Cocos,-20.2078,57.7625,80.1,91,100,31.16,MU,2022-02-02 02:28:51
151,Sechura,-5.5569,-80.8222,72.57,71,10,13.53,PE,2022-02-02 02:28:51
152,Pevek,69.7008,170.3133,-6.52,80,100,3.24,RU,2022-02-02 02:28:52
153,Akyab,20.15,92.9,65.82,65,11,6.53,MM,2022-02-02 02:28:52
154,Brandenburg,52.4167,12.55,43.92,75,95,20.49,DE,2022-02-02 02:28:53
155,Namibe,-15.1961,12.1522,71.64,69,100,10.25,AO,2022-02-02 02:28:53
156,Khatanga,71.9667,102.5,-37.91,98,22,2.53,RU,2022-02-02 02:28:54
157,Nisia Floresta,-6.0911,-35.2086,79.18,83,27,5.06,BR,2022-02-02 02:28:54
158,Garissa,-0.4536,39.6401,76.73,76,100,7.2,KE,2022-02-02 02:28:55
159,Sao Filipe,14.8961,-24.4956,73.26,77,15,14.41,CV,2022-02-02 02:28:55
160,Buta,2.7858,24.73,69.82,54,100,1.12,CD,2022-02-02 02:28:56
161,Iqaluit,63.7506,-68.5145,-7.31,69,75,17.0,CA,2022-02-02 02:28:57
162,Nalut,30.3333,10.85,43.45,64,93,11.83,LY,2022-02-02 02:28:57
163,Seddon,-37.8068,144.8916,68.47,49,75,19.57,AU,2022-02-02 02:29:01
164,Koumac,-20.5667,164.2833,84.65,63,68,11.05,NC,2022-02-02 02:29:01
165,Tuktoyaktuk,69.4541,-133.0374,-27.4,68,20,0.0,CA,2022-02-02 02:27:41
166,Nyurba,63.2842,118.3319,-29.25,99,93,3.33,RU,2022-02-02 02:29:02
167,Ribeira Grande,38.5167,-28.7,59.52,73,63,12.82,PT,2022-02-02 02:29:03
168,Hermanus,-34.4187,19.2345,66.9,83,3,3.53,ZA,2022-02-02 02:29:03
169,Butaritari,3.0707,172.7902,82.22,76,17,12.35,KI,2022-02-02 02:29:04
170,Port Hardy,50.6996,-127.4199,39.76,93,100,2.3,CA,2022-02-02 02:29:04
171,Saldanha,-33.0117,17.9442,66.25,97,67,12.62,ZA,2022-02-02 02:29:05
172,Bonavista,48.6499,-53.1147,18.12,69,100,20.98,CA,2022-02-02 02:29:06
173,Caramay,10.1815,119.236,80.38,84,97,12.21,PH,2022-02-02 02:29:06
174,Butembo,0.15,29.2833,62.22,62,100,2.73,CD,2022-02-02 02:29:07
175,Cidreira,-30.1811,-50.2056,72.64,74,0,13.4,BR,2022-02-02 02:25:08
176,Zhigansk,66.7697,123.3711,-26.82,99,90,9.01,RU,2022-02-02 02:29:08
177,Port Augusta,-32.5,137.7667,74.71,27,0,20.51,AU,2022-02-02 02:29:08
178,Dikson,73.5069,80.5464,2.16,94,100,16.62,RU,2022-02-02 02:29:09
179,La Ronge,55.1001,-105.2842,-10.95,64,20,11.5,CA,2022-02-02 02:29:09
180,Pangai,-19.8,-174.35,80.92,66,8,7.78,TO,2022-02-02 02:29:10
181,Rundu,-17.9333,19.7667,63.43,96,99,4.76,NA,2022-02-02 02:29:10
182,Illkirch-Graffenstaden,48.5289,7.7152,48.27,71,100,10.36,FR,2022-02-02 02:29:11
183,Chokurdakh,70.6333,147.9167,-8.91,94,100,7.0,RU,2022-02-02 02:41:05
184,Yenagoa,4.9247,6.2642,75.36,80,9,3.67,NG,2022-02-02 02:41:06
185,Methven,-43.6333,171.65,76.46,50,99,10.18,NZ,2022-02-02 02:41:06
186,Nam Som,17.7704,102.1895,80.42,61,14,5.91,TH,2022-02-02 02:41:07
187,San Quintin,30.4833,-115.95,58.42,68,56,8.21,MX,2022-02-02 02:41:07
188,Hamilton,39.1834,-84.5333,48.97,54,0,3.44,US,2022-02-02 02:36:17
189,Ilulissat,69.2167,-51.1,3.22,51,100,6.91,GL,2022-02-02 02:41:08
190,Manaure,11.7751,-72.4445,77.7,81,0,16.42,CO,2022-02-02 02:41:08
191,Moissala,8.3404,17.7663,66.56,21,3,4.85,TD,2022-02-02 02:41:09
192,Gudur,14.1333,79.85,70.92,70,17,5.32,IN,2022-02-02 02:41:09
193,Oranjestad,12.524,-70.027,78.75,83,20,17.27,AW,2022-02-02 02:41:10
194,Provideniya,64.3833,-173.3,14.11,62,20,29.08,RU,2022-02-02 02:41:10
195,Nemuro,43.3236,145.575,25.23,64,21,19.44,JP,2022-02-02 02:41:11
196,Ordzhonikidze,52.4411,61.7408,18.39,88,100,12.91,KZ,2022-02-02 02:41:11
197,Te Anau,-45.4167,167.7167,66.25,98,100,4.47,NZ,2022-02-02 02:41:12
198,Paamiut,61.994,-49.6678,1.33,87,100,8.72,GL,2022-02-02 02:39:11
199,Shimoda,34.6667,138.95,52.16,41,1,12.84,JP,2022-02-02 02:41:12
200,Ko Samui,9.5357,99.9357,84.11,70,40,6.91,TH,2022-02-02 02:41:13
201,Gondanglegi,-7.7479,112.0132,85.87,67,24,5.3,ID,2022-02-02 02:41:13
202,Satara,17.6833,73.9833,70.29,27,0,1.68,IN,2022-02-02 02:40:00
203,Broome,42.2506,-75.833,30.97,68,0,3.0,US,2022-02-02 02:41:14
204,Shar,49.5886,81.0453,-11.83,88,11,4.74,KZ,2022-02-02 02:41:15
205,Grand Gaube,-20.0064,57.6608,80.38,82,100,20.0,MU,2022-02-02 02:41:15
206,Letlhakeng,-24.0944,25.0298,68.9,72,69,8.81,BW,2022-02-02 02:41:16
207,Turka,49.1541,23.0297,28.8,87,100,16.4,UA,2022-02-02 02:41:16
208,Ushtobe,45.2514,77.9838,16.38,83,62,10.94,KZ,2022-02-02 02:41:16
209,Gao,16.6362,1.637,63.28,13,99,8.93,ML,2022-02-02 02:41:17
210,Ust-Nera,64.5667,143.2,0.01,97,100,3.33,RU,2022-02-02 02:41:18
211,Cacoal,-11.4386,-61.4472,72.23,92,78,1.97,BR,2022-02-02 02:41:18
212,Poronaysk,49.2167,143.1167,16.5,74,13,6.44,RU,2022-02-02 02:41:19
213,Yurimaguas,-5.9,-76.0833,77.0,68,72,1.32,PE,2022-02-02 02:38:16
214,Vallenar,-28.5708,-70.7581,66.31,64,0,3.58,CL,2022-02-02 02:41:20
215,Tura,25.5198,90.2201,62.73,53,0,2.26,IN,2022-02-02 02:41:20
216,Lorengau,-2.0226,147.2712,77.56,86,100,6.71,PG,2022-02-02 02:41:20
217,Bethel,41.3712,-73.414,34.16,74,100,0.0,US,2022-02-02 02:37:21
218,Norman Wells,65.282,-126.8329,-29.16,68,20,2.3,CA,2022-02-02 02:41:21
219,Spearfish,44.4908,-103.8594,11.08,57,0,0.0,US,2022-02-02 02:41:22
220,Marsh Harbour,26.5412,-77.0636,68.18,56,100,19.04,BS,2022-02-02 02:41:22
221,Fairbanks,64.8378,-147.7164,-18.98,72,0,0.0,US,2022-02-02 02:41:22
222,Basco,20.4487,121.9702,74.55,72,16,16.87,PH,2022-02-02 02:41:23
223,Eslov,55.8393,13.3039,40.23,94,100,2.82,SE,2022-02-02 02:41:23
224,Nieuw Amsterdam,5.8833,-55.0833,78.03,86,28,9.84,SR,2022-02-02 02:41:24
225,Erdenet,49.0333,104.0833,-1.75,80,33,4.85,MN,2022-02-02 02:41:24
226,Boyolangu,-8.1181,111.8935,86.29,61,31,0.94,ID,2022-02-02 02:41:25
227,Varna,43.2167,27.9167,34.23,93,100,8.05,BG,2022-02-02 02:41:26
228,Westport,41.1415,-73.3579,35.56,71,100,3.0,US,2022-02-02 02:41:26
229,Cabo San Lucas,22.8909,-109.9124,70.52,62,0,5.99,MX,2022-02-02 02:41:26
230,Oktyabrskiy,54.4815,53.471,25.65,90,95,13.71,RU,2022-02-02 02:42:27
231,Stawell,-37.05,142.7667,68.86,31,2,17.31,AU,2022-02-02 02:42:27
232,Husavik,66.0449,-17.3389,8.51,79,95,8.81,IS,2022-02-02 02:42:28
233,Iskateley,67.6803,53.1512,-0.51,97,100,6.55,RU,2022-02-02 02:39:09
234,Mount Gambier,-37.8333,140.7667,64.31,45,100,13.8,AU,2022-02-02 02:40:26
235,Maltahohe,-24.8333,16.9833,69.42,71,89,5.37,NA,2022-02-02 02:42:29
236,Ningyang,35.7642,116.7914,38.62,25,25,4.36,CN,2022-02-02 02:42:29
237,Burkburnett,34.0979,-98.5706,57.65,43,0,8.05,US,2022-02-02 02:42:30
238,Neryungri,56.6709,124.6491,-7.71,89,100,11.5,RU,2022-02-02 02:41:23
239,Najran,17.4924,44.1277,59.65,36,1,4.76,SA,2022-02-02 02:42:31
240,Murmashi,68.8154,32.8115,-3.59,84,75,0.0,RU,2022-02-02 02:42:31
241,Sao Gabriel Da Cachoeira,-0.1303,-67.0892,74.48,87,36,1.05,BR,2022-02-02 02:42:32
242,Afikpo,5.8931,7.9374,71.64,88,2,2.66,NG,2022-02-02 02:42:32
243,Sisimiut,66.9395,-53.6735,5.65,89,100,11.81,GL,2022-02-02 02:42:32
244,Swanton,41.5887,-83.8911,46.38,78,100,9.22,US,2022-02-02 02:42:33
245,Kaoma,-14.7833,24.8,63.72,93,100,2.37,ZM,2022-02-02 02:42:34
246,Mende,44.6667,3.5,34.38,98,100,9.15,FR,2022-02-02 02:42:34
247,Melfi,40.9965,15.6514,37.49,76,7,7.0,IT,2022-02-02 02:42:35
248,Bowen,-20.0167,148.2333,91.62,68,100,10.76,AU,2022-02-02 02:42:35
249,Tautira,-17.7333,-149.15,87.82,76,21,18.54,PF,2022-02-02 02:42:36
250,Shitanjing,39.2342,106.3439,19.9,17,61,2.13,CN,2022-02-02 02:42:36
251,Tilichiki,60.4667,166.1,14.25,91,100,9.13,RU,2022-02-02 02:42:37
252,Emerald,-23.5333,148.1667,98.74,34,97,11.5,AU,2022-02-02 02:42:37
253,Kahului,20.8947,-156.47,80.62,66,40,20.71,US,2022-02-02 02:42:38
254,Vestmannaeyjar,63.4427,-20.2734,37.2,88,100,12.82,IS,2022-02-02 02:42:38
255,Pisco,-13.7,-76.2167,69.85,78,0,14.97,PE,2022-02-02 02:39:18
256,Pangody,65.85,74.4859,-16.6,100,94,6.91,RU,2022-02-02 02:42:39
257,Aykhal,66.0,111.5,-18.99,100,12,2.53,RU,2022-02-02 02:42:40
258,Antalaha,-14.9003,50.2788,74.55,83,93,6.22,MG,2022-02-02 02:42:40
259,Luton,51.8797,-0.4175,50.16,91,40,17.27,GB,2022-02-02 02:41:04
260,Bima,-8.4667,118.7167,87.46,65,13,3.71,ID,2022-02-02 02:42:41
261,Egvekinot,66.3167,-179.1667,-5.48,84,66,20.4,RU,2022-02-02 02:42:41
262,Ballangen,68.3428,16.8315,19.62,58,0,11.5,NO,2022-02-02 02:42:42
263,San Jose,37.3394,-121.895,58.71,33,0,4.61,US,2022-02-02 02:42:42
264,Adrar,20.5022,-10.0711,67.19,20,62,11.21,MR,2022-02-02 02:42:43
265,Cody,44.5263,-109.0565,17.89,73,75,0.0,US,2022-02-02 02:39:23
266,Canto Do Buriti,-8.11,-42.9444,76.44,57,54,2.15,BR,2022-02-02 02:42:44
267,Iglesias,39.3114,8.535,44.74,82,30,13.24,IT,2022-02-02 02:40:04
268,College,64.8569,-147.8028,-9.42,71,20,0.0,US,2022-02-02 02:42:44
269,Payson,40.0444,-111.7321,26.42,61,40,20.71,US,2022-02-02 02:42:45
270,Constitucion,-35.3333,-72.4167,56.89,93,13,3.96,CL,2022-02-02 02:42:46
271,Esperance,-33.8667,121.9,73.24,46,21,19.24,AU,2022-02-02 02:39:02
272,Kieta,-6.2167,155.6333,84.25,72,68,9.91,PG,2022-02-02 02:42:46
273,Gorom-Gorom,14.4439,-0.2361,64.42,9,86,9.24,BF,2022-02-02 02:42:47
274,Lata,40.1629,-8.3327,52.81,78,0,4.12,PT,2022-02-02 02:42:48
275,Karratha,-20.7377,116.8463,88.83,62,100,14.03,AU,2022-02-02 02:42:48
276,Rawson,-43.3002,-65.1023,76.3,30,7,11.21,AR,2022-02-02 02:42:49
277,Zabaykalsk,49.6333,117.3167,-5.96,88,17,6.33,RU,2022-02-02 02:43:49
278,Huarmey,-10.0681,-78.1522,71.53,79,84,8.77,PE,2022-02-02 02:43:50
279,Whitianga,-36.8333,175.7,71.71,77,100,12.12,NZ,2022-02-02 02:43:50
280,Axim,4.8699,-2.2405,77.81,85,99,2.01,GH,2022-02-02 02:43:51
281,Rosita,13.9268,-84.4032,68.09,96,34,1.59,NI,2022-02-02 02:43:51
282,Cumana,10.4635,-64.1775,75.49,85,1,9.1,VE,2022-02-02 02:43:52
283,Nouadhibou,20.931,-17.0347,66.18,72,96,9.22,MR,2022-02-02 02:43:52
284,Vire,48.9167,-0.8333,49.39,84,100,12.62,FR,2022-02-02 02:43:53
285,Irricana,51.3237,-113.6048,1.15,73,83,7.78,CA,2022-02-02 02:43:53
286,Bestobe,52.4994,73.0975,2.75,90,18,8.21,KZ,2022-02-02 02:41:18
287,Moose Factory,51.2585,-80.6094,35.6,75,100,19.57,CA,2022-02-02 02:43:54
288,Xichang,27.8964,102.2634,36.0,87,100,4.0,CN,2022-02-02 02:43:55
289,Pacific Grove,36.6177,-121.9166,56.88,66,0,1.01,US,2022-02-02 02:42:00
290,Bredasdorp,-34.5322,20.0403,71.73,80,8,4.03,ZA,2022-02-02 02:42:47
291,Lebu,-37.6167,-73.65,58.15,94,10,9.78,CL,2022-02-02 02:43:56
292,Arvika,59.6553,12.5852,21.81,91,100,5.46,SE,2022-02-02 02:43:56
293,Las Cruces,32.3123,-106.7783,59.2,29,0,1.01,US,2022-02-02 02:43:42
294,Walvis Bay,-22.9575,14.5053,66.09,89,11,2.06,NA,2022-02-02 02:43:49
295,Fethiye,36.6217,29.1164,58.87,86,100,11.48,TR,2022-02-02 02:43:57
296,Leningradskiy,69.3833,178.4167,-10.68,94,35,11.01,RU,2022-02-02 02:41:28
297,Mapastepec,15.4333,-92.9,72.77,85,4,3.18,MX,2022-02-02 02:43:58
298,Shingu,33.7333,135.9833,49.19,37,7,8.12,JP,2022-02-02 02:43:58
299,Krasnoselkup,65.7,82.4667,-16.11,100,93,3.51,RU,2022-02-02 02:43:58
300,Mesyagutovo,55.5303,58.2528,19.8,96,100,6.26,RU,2022-02-02 02:43:59
301,Amberieu-En-Bugey,45.9589,5.3432,41.61,97,100,3.09,FR,2022-02-02 02:44:00
302,Cibitoke,-2.8833,29.25,61.09,85,100,2.98,BI,2022-02-02 02:44:00
303,Hay River,60.8156,-115.7999,-22.02,69,20,3.44,CA,2022-02-02 02:44:01
304,Inyonga,-6.7167,32.0667,61.99,94,100,2.13,TZ,2022-02-02 02:44:01
305,Marrakesh,31.6315,-8.0083,50.07,50,99,2.3,MA,2022-02-02 02:40:23
306,Genhe,50.7833,121.5167,0.86,75,94,3.87,CN,2022-02-02 02:44:02
307,Ardrishaig,56.0157,-5.4481,49.89,98,100,2.86,GB,2022-02-02 02:44:03
308,The Pas,53.8251,-101.2541,-12.98,77,0,11.5,CA,2022-02-02 02:44:04
309,Vardo,70.3705,31.1107,29.43,65,100,16.08,NO,2022-02-02 02:44:04
310,Tucuman,-26.8241,-65.2226,82.4,44,52,12.66,AR,2022-02-02 02:44:05
311,Touros,-5.1989,-35.4608,77.9,79,45,8.39,BR,2022-02-02 02:44:05
312,Navalgund,15.5667,75.3667,72.5,31,22,2.3,IN,2022-02-02 02:44:06
313,Grindavik,63.8424,-22.4338,32.47,100,100,18.41,IS,2022-02-02 02:43:59
314,Luderitz,-26.6481,15.1594,63.5,92,59,8.16,NA,2022-02-02 02:44:07
315,Kolpashevo,58.3131,82.9089,12.69,97,99,6.44,RU,2022-02-02 02:44:07
316,Pedreira,-22.7419,-46.9014,72.57,92,100,2.39,BR,2022-02-02 02:44:08
317,Mao,39.8885,4.2658,52.36,87,20,13.8,ES,2022-02-02 02:44:08
318,Svobodnyy,51.4,128.1333,2.07,76,6,10.27,RU,2022-02-02 02:44:09
319,Fortuna,40.5982,-124.1573,47.93,80,100,1.01,US,2022-02-02 02:45:10
320,Cap-Aux-Meules,47.3821,-61.8597,15.82,73,100,3.44,CA,2022-02-02 02:40:20
321,Tromso,69.6496,18.957,21.22,63,0,10.36,NO,2022-02-02 02:45:11
322,Bilibino,68.0546,166.4372,5.59,59,100,6.53,RU,2022-02-02 02:45:11
323,Nizhniy Chir,48.3597,43.0865,32.59,97,100,9.57,RU,2022-02-02 02:45:12
324,Lund,55.7058,13.1932,40.91,84,100,9.13,SE,2022-02-02 02:45:13
325,Dromolaxia,34.8761,33.586,59.67,72,40,9.22,CY,2022-02-02 02:45:13
326,Havre-Saint-Pierre,50.2334,-63.5986,8.6,77,100,9.22,CA,2022-02-02 02:45:14
327,Vargashi,55.3556,65.8467,16.02,85,99,13.02,RU,2022-02-02 02:45:14
328,Poso,-1.3959,120.7524,85.41,57,99,2.91,ID,2022-02-02 02:45:14
329,Tiangua,-3.7322,-40.9917,65.91,95,100,1.19,BR,2022-02-02 02:45:15
330,Marzuq,14.4,46.4667,60.53,67,82,1.63,YE,2022-02-02 02:45:15
331,Kokkola,63.8385,23.1307,11.93,87,75,1.14,FI,2022-02-02 02:45:16
332,Kolokani,13.5728,-8.0339,65.3,14,2,9.42,ML,2022-02-02 02:45:17
333,Takhtamygda,54.1,123.5667,1.02,59,20,6.78,RU,2022-02-02 02:45:17
334,Baker City,44.7749,-117.8344,25.59,91,100,0.0,US,2022-02-02 02:45:17
335,Chernyshevskiy,63.0128,112.4714,-24.12,95,30,1.83,RU,2022-02-02 02:45:18
336,Senneterre,48.3835,-77.2328,28.62,88,100,17.78,CA,2022-02-02 02:45:19
337,Braco Do Norte,-28.275,-49.1656,69.96,99,82,0.58,BR,2022-02-02 02:45:19
338,Mayya,61.7333,130.2811,-20.69,93,100,6.58,RU,2022-02-02 02:45:20
339,Kruisfontein,-34.0033,24.7314,70.88,70,100,2.21,ZA,2022-02-02 02:45:21
340,Sarkand,45.41,79.9186,16.75,65,53,6.64,KZ,2022-02-02 02:45:21
341,Mhasla,18.1333,73.1167,71.58,48,1,2.35,IN,2022-02-02 02:45:22
342,Zeya,53.75,127.2667,3.56,54,34,3.13,RU,2022-02-02 02:45:22
343,Pudozh,61.8099,36.5345,14.07,96,100,3.42,RU,2022-02-02 02:45:23
344,Dingle,10.9995,122.6711,83.62,68,100,12.73,PH,2022-02-02 02:45:23
345,Iacu,-12.7672,-40.2117,71.47,88,0,1.97,BR,2022-02-02 02:45:24
346,Naze,28.3667,129.4833,56.32,73,100,13.15,JP,2022-02-02 02:45:24
347,Batu,-7.87,112.5283,73.94,54,26,0.92,ID,2022-02-02 02:45:25
348,Santa Isabel Do Rio Negro,-0.4139,-65.0192,73.4,97,100,3.24,BR,2022-02-02 02:45:25
349,Kaitangata,-46.2817,169.8464,80.2,51,94,8.52,NZ,2022-02-02 02:42:40
350,Ocampo,21.65,-101.5,52.59,33,0,8.34,MX,2022-02-02 02:45:26
351,Mortka,59.3322,66.0214,17.58,93,100,9.46,RU,2022-02-02 02:45:27
352,Yumen,40.2833,97.2,21.11,27,9,7.94,CN,2022-02-02 02:45:27
353,Japura,-0.3167,102.35,81.46,79,93,2.17,ID,2022-02-02 02:45:28
354,Pyapon,16.2833,95.6833,74.73,40,37,5.17,MM,2022-02-02 02:45:28
355,Shahr-E Babak,30.1165,55.1186,36.43,67,0,3.78,IR,2022-02-02 02:45:29
356,Plymouth,41.8334,-70.8328,35.83,86,100,4.61,US,2022-02-02 02:41:29
357,Fremont,37.5483,-121.9886,59.13,38,0,1.99,US,2022-02-02 02:45:02
358,Kapoeta,4.7717,33.5903,82.26,26,100,3.71,SS,2022-02-02 02:42:56
359,Lubango,-14.9172,13.4925,57.83,47,100,1.39,AO,2022-02-02 02:45:30
360,Ust-Omchug,61.15,149.6333,-5.87,92,87,7.52,RU,2022-02-02 02:45:30
361,Pemangkat,1.1667,108.9667,82.6,72,74,6.22,ID,2022-02-02 02:45:31
362,Pangian,6.4628,125.5453,80.83,73,63,7.61,PH,2022-02-02 02:45:31
363,Grootfontein,-19.5667,18.1167,64.36,85,100,14.56,NA,2022-02-02 02:45:32
364,Itoman,26.1247,127.6694,65.17,88,75,4.61,JP,2022-02-02 02:46:32
365,Inta,66.0317,60.1659,2.8,84,98,8.57,RU,2022-02-02 02:45:28
366,Roela,59.1667,26.5926,4.62,100,99,2.17,EE,2022-02-02 02:46:33
367,Borogontsy,62.6683,131.1683,-20.85,92,100,3.31,RU,2022-02-02 02:46:34
368,Aripuana,-9.1667,-60.6333,71.65,99,91,0.85,BR,2022-02-02 02:46:34
369,Pipri,19.8,75.5333,70.02,29,8,2.19,IN,2022-02-02 02:46:35
370,Filadelfia,39.9523,-75.1638,32.95,81,40,1.01,US,2022-02-02 02:45:37
371,Chuy,-33.6971,-53.4616,62.06,77,0,6.67,UY,2022-02-02 02:46:35
372,Kudahuvadhoo,2.6708,72.8944,82.29,77,2,14.88,MV,2022-02-02 02:46:36
373,Loanda,-8.8368,13.2343,75.2,83,40,4.61,AO,2022-02-02 02:42:24
374,Lakes Entrance,-37.8811,147.981,66.16,52,70,15.68,AU,2022-02-02 02:46:37
375,Tomatlan,19.9333,-105.25,63.64,77,0,2.46,MX,2022-02-02 02:46:37
376,Youghal,51.95,-7.8506,50.68,92,44,9.4,IE,2022-02-02 02:46:38
377,Fare,-16.7,-151.0167,81.09,73,1,19.64,PF,2022-02-02 02:46:38
378,Olawa,50.9466,17.2926,42.4,90,100,22.32,PL,2022-02-02 02:46:39
379,Verkhnevilyuysk,63.4453,120.3167,-25.62,97,94,6.35,RU,2022-02-02 02:46:39
380,Araouane,18.9048,-3.5265,65.48,20,63,11.97,ML,2022-02-02 02:46:40
381,Moron,-34.6534,-58.6198,76.89,75,1,5.93,AR,2022-02-02 02:46:40
382,Vanimo,-2.6741,141.3028,82.0,78,82,4.41,PG,2022-02-02 02:46:41
383,Evensk,61.95,159.2333,20.79,77,100,22.53,RU,2022-02-02 02:46:42
384,Kumluca,36.3703,30.2869,49.68,83,100,6.06,TR,2022-02-02 02:46:42
385,Toamasina,-18.1667,49.3833,75.2,94,40,6.91,MG,2022-02-02 02:46:43
386,Torbay,47.6666,-52.7314,17.76,69,0,16.11,CA,2022-02-02 02:46:24
387,Santa Maria,-29.6842,-53.8069,72.7,88,0,4.61,BR,2022-02-02 02:46:22
388,Nyazepetrovsk,56.0531,59.6028,20.73,95,100,4.0,RU,2022-02-02 02:46:43
389,Bandarbeyla,9.4942,50.8122,74.75,77,13,15.35,SO,2022-02-02 02:46:44
390,Kasongo-Lunda,-6.4667,16.8167,69.62,96,99,0.6,CD,2022-02-02 02:46:44
391,Limulunga,-15.0969,23.1376,64.13,89,100,4.03,ZM,2022-02-02 02:46:45
392,Sitka,57.0531,-135.33,30.09,80,100,19.57,US,2022-02-02 02:46:46
393,Mongo,12.1844,18.693,61.39,21,25,4.14,TD,2022-02-02 02:46:46
394,Muzhi,65.3667,64.6667,-23.01,100,99,1.14,RU,2022-02-02 02:46:47
395,Klerksdorp,-26.8521,26.6667,63.5,69,15,6.67,ZA,2022-02-02 02:46:47
396,Riyadh,24.6877,46.7219,48.34,46,0,10.02,SA,2022-02-02 02:42:51
397,Alofi,-19.0595,-169.9187,78.69,83,75,3.44,NU,2022-02-02 02:46:48
398,Gizo,-8.103,156.8419,83.97,74,95,10.42,SB,2022-02-02 02:46:48
399,Merauke,-8.4667,140.3333,76.37,85,100,3.42,ID,2022-02-02 02:46:49
400,Jiaxing,30.7522,120.75,37.42,94,100,7.54,CN,2022-02-02 02:46:49
401,San Andres,12.5847,-81.7006,80.62,74,20,9.22,CO,2022-02-02 02:46:50
402,Inhambane,-23.865,35.3833,71.58,100,20,0.0,MZ,2022-02-02 02:46:51
403,Berekum,7.4534,-2.584,66.99,18,62,3.06,GH,2022-02-02 02:46:51
404,Muravlenko,63.7898,74.523,-19.86,100,98,5.48,RU,2022-02-02 02:46:52
405,Acari,-15.4311,-74.6158,72.91,79,14,3.58,PE,2022-02-02 02:46:52
406,Nobeoka,32.5833,131.6667,41.76,34,100,1.9,JP,2022-02-02 02:46:52
407,Salalah,17.0151,54.0924,64.49,52,0,6.91,OM,2022-02-02 02:46:53
408,Kalmunai,7.4167,81.8167,75.92,72,5,2.8,LK,2022-02-02 02:46:54
409,Hambantota,6.1241,81.1185,73.74,94,20,5.75,LK,2022-02-02 02:46:54
410,Shubarkuduk,49.1447,56.4872,20.44,90,100,7.09,KZ,2022-02-02 02:46:55
411,Cravo Norte,6.3017,-70.2041,83.17,37,65,5.61,CO,2022-02-02 02:46:56
412,Chiknayakanhalli,13.4172,76.6228,71.02,55,12,5.53,IN,2022-02-02 02:47:56
413,Alappuzha,9.49,76.3264,76.91,77,67,4.76,IN,2022-02-02 02:47:57
414,San Ramon De La Nueva Oran,-23.1322,-64.326,80.38,61,39,3.89,AR,2022-02-02 02:47:57
415,Oxford,51.7522,-1.256,50.77,92,75,1.99,GB,2022-02-02 02:46:20
416,Oussouye,12.485,-16.5469,74.71,43,2,5.19,SN,2022-02-02 02:47:58
417,Alyangula,-13.8483,136.4192,89.47,62,100,14.97,AU,2022-02-02 02:47:59
418,Gorahun,7.4661,-11.2375,70.12,99,72,1.61,SL,2022-02-02 02:47:59
419,Sorong,-0.8833,131.25,82.08,71,100,2.46,ID,2022-02-02 02:48:00
420,Plettenberg Bay,-34.0527,23.3716,73.26,85,100,1.68,ZA,2022-02-02 02:48:00
421,Narwar,25.65,77.9,60.31,58,0,1.81,IN,2022-02-02 02:48:01
422,Kushima,31.4583,131.2333,46.44,37,100,4.32,JP,2022-02-02 02:48:01
423,Great Yarmouth,52.6083,1.7305,50.22,79,100,18.39,GB,2022-02-02 02:48:02
424,Porto,41.1496,-8.611,56.71,54,0,13.8,PT,2022-02-02 02:43:28
425,Oistins,13.0667,-59.5333,78.89,78,40,14.97,BB,2022-02-02 02:48:03
426,Mariental,-24.6333,17.9667,72.03,67,91,6.76,NA,2022-02-02 02:48:03
427,Deputatskiy,69.3,139.9,-14.19,98,100,1.3,RU,2022-02-02 02:44:08
428,Machinga,-15.1685,35.3,65.89,96,3,1.72,MW,2022-02-02 02:48:04
429,Calhoun,42.2506,-85.0005,43.11,82,100,4.61,US,2022-02-02 02:46:34
430,Yashan,22.1975,109.9419,51.6,92,100,8.43,CN,2022-02-02 02:48:04
431,Nantucket,41.2835,-70.0995,37.96,74,100,9.22,US,2022-02-02 02:44:28
432,Nago,26.5881,127.9761,65.25,63,85,10.54,JP,2022-02-02 02:48:05
433,La Seyne-Sur-Mer,43.0982,5.8847,58.95,66,2,13.0,FR,2022-02-02 02:43:51
434,Port-Gentil,-0.7193,8.7815,81.12,75,98,10.98,GA,2022-02-02 02:44:05
435,Tiznit,29.5833,-9.5,62.87,30,83,2.51,MA,2022-02-02 02:48:06
436,Harper,4.375,-7.7169,78.1,81,100,3.13,LR,2022-02-02 02:48:06
437,Kollam,8.8833,76.6,80.47,72,4,5.97,IN,2022-02-02 02:48:07
438,Nichinan,31.6,131.3667,46.08,43,100,2.73,JP,2022-02-02 02:48:08
439,Vao,-22.6667,167.4833,78.42,84,92,19.3,NC,2022-02-02 02:48:08
440,Saint Anthony,45.0205,-93.218,7.93,70,0,5.01,US,2022-02-02 02:44:06
441,Thunder Bay,48.4001,-89.3168,9.55,58,20,20.71,CA,2022-02-02 02:45:09
442,Talikota,16.4833,76.3167,73.13,31,2,4.29,IN,2022-02-02 02:44:10
443,Mahabad,36.7631,45.7222,19.76,78,29,6.55,IR,2022-02-02 02:48:09
444,Saint-Pierre,-21.3393,55.4781,82.04,89,100,33.38,RE,2022-02-02 02:47:43
445,Mendi,-6.1761,143.6513,57.94,89,100,1.92,PG,2022-02-02 02:48:10
446,Hellvik,59.9156,5.781,38.77,89,96,4.0,NO,2022-02-02 02:48:10
447,Namatanai,-3.6667,152.4333,83.26,69,94,7.47,PG,2022-02-02 02:48:11
448,Livramento,-3.0254,-60.1803,81.27,94,20,1.14,BR,2022-02-02 02:48:12
449,Aklavik,68.2191,-135.0107,-15.77,100,96,4.27,CA,2022-02-02 02:48:12
450,Copiapo,-27.3667,-70.3333,66.24,66,0,0.85,CL,2022-02-02 02:48:12
451,Gonzalez,30.5816,-87.2914,61.83,65,0,3.0,US,2022-02-02 02:48:13
452,Vila Velha,-20.3297,-40.2925,72.95,95,100,5.75,BR,2022-02-02 02:48:13
453,Kupang,-10.1667,123.5833,83.37,74,27,15.17,ID,2022-02-02 02:48:14
454,Twentynine Palms,34.1356,-116.0542,58.86,24,53,1.99,US,2022-02-02 02:48:15
455,Disna,55.568,28.1971,19.6,96,98,5.79,BY,2022-02-02 02:48:15
456,Ancud,-41.8697,-73.8203,59.23,93,100,3.67,CL,2022-02-02 02:46:39
457,Kindu,-2.95,25.95,70.65,86,100,1.88,CD,2022-02-02 02:48:16
458,Gat,31.61,34.7642,53.91,100,0,3.44,IL,2022-02-02 02:48:16
459,Saint George,37.1041,-113.5841,43.39,24,0,1.99,US,2022-02-02 02:49:17
460,Ambunti,-4.2365,142.8448,79.92,82,100,1.99,PG,2022-02-02 02:49:17
461,Narsaq,60.9167,-46.05,14.22,81,14,4.5,GL,2022-02-02 02:49:18
462,Dakar,14.6937,-17.4441,74.28,43,85,15.05,SN,2022-02-02 02:49:18
463,Ciudad Bolivar,8.1222,-63.5497,80.35,64,61,14.03,VE,2022-02-02 02:49:19
464,Coahuayana,18.7333,-103.6833,69.06,70,0,2.1,MX,2022-02-02 02:45:22
465,Montes Altos,-5.8333,-47.0667,71.91,94,75,2.75,BR,2022-02-02 02:49:20
466,Haines Junction,60.7522,-137.5108,-5.57,92,100,1.72,CA,2022-02-02 02:45:13
467,Sorland,67.667,12.6934,28.47,59,100,14.83,NO,2022-02-02 02:49:20
468,Gamba,-2.65,10.0,77.54,88,100,4.59,GA,2022-02-02 02:49:21
469,Hastings,50.8552,0.5729,50.99,86,96,14.61,GB,2022-02-02 02:47:47
470,Tocopilla,-22.092,-70.1979,68.77,70,2,5.95,CL,2022-02-02 02:49:22
471,Along,28.1667,94.7667,53.37,92,100,0.96,IN,2022-02-02 02:49:22
472,Soure,-0.7167,-48.5233,79.23,84,100,11.36,BR,2022-02-02 02:49:23
473,Kirkuk,35.4681,44.3922,42.69,72,12,5.28,IQ,2022-02-02 02:49:23
474,Tevaitoa,-16.7833,-151.5,81.03,77,7,19.82,PF,2022-02-02 02:49:24
475,Santiago De Cuba,20.0247,-75.8219,74.82,83,40,10.36,CU,2022-02-02 02:49:24
476,Hami,42.8,93.45,24.67,28,100,0.69,CN,2022-02-02 02:49:09
477,Nioro,13.35,-15.75,81.25,13,3,10.38,GM,2022-02-02 02:49:25
478,Peleduy,59.6289,112.7406,-1.84,94,99,5.3,RU,2022-02-02 02:49:26
479,Sinnamary,5.3833,-52.95,77.0,82,92,11.65,GF,2022-02-02 02:49:26
480,Nuuk,64.1835,-51.7216,9.21,72,100,3.44,GL,2022-02-02 02:49:27
481,Sur,22.5667,59.5289,71.91,66,13,6.76,OM,2022-02-02 02:46:45
482,Aleksandrov Gay,50.147,48.5704,26.11,96,100,9.04,RU,2022-02-02 02:49:28
483,Morant Bay,17.8815,-76.4093,78.42,84,10,9.31,JM,2022-02-02 02:49:28
484,Sakakah,29.9697,40.2064,40.57,55,0,7.63,SA,2022-02-02 02:49:29
485,Komsomolskiy,40.4272,71.7189,29.62,80,100,4.61,UZ,2022-02-02 02:49:29
486,Saint-Georges,12.0564,-61.7485,78.48,83,20,11.5,GD,2022-02-02 02:49:30
487,Yanliang,34.6592,109.2292,32.99,48,94,6.69,CN,2022-02-02 02:49:30
488,Bridlington,54.0831,-0.1919,48.88,88,100,9.91,GB,2022-02-02 02:49:30
489,Dalmau,26.0667,81.0333,58.01,65,0,2.06,IN,2022-02-02 02:49:31
490,Semirom,31.4167,51.5667,12.07,41,18,4.45,IR,2022-02-02 02:49:32
491,Sovetskiy,61.3614,63.5842,19.09,92,100,9.4,RU,2022-02-02 02:49:32
492,Tarakan,3.3,117.6333,85.5,70,40,9.22,ID,2022-02-02 02:49:33
493,Vilhena,-12.7406,-60.1458,66.49,97,57,2.26,BR,2022-02-02 02:49:33
494,Maniitsoq,65.4167,-52.9,7.23,79,100,8.46,GL,2022-02-02 02:49:34
495,Krasnoarmeysk,51.0239,45.6969,27.45,96,100,9.62,RU,2022-02-02 02:49:35
496,Vuktyl,63.8567,57.3094,15.15,93,100,8.14,RU,2022-02-02 02:49:35
497,Koygorodok,60.445,50.9968,26.02,96,100,6.29,RU,2022-02-02 02:49:36
498,Villa Bruzual,9.3328,-69.1208,75.88,60,28,6.8,VE,2022-02-02 02:49:37
499,Santa Fe,-31.6333,-60.7,83.01,62,20,1.99,AR,2022-02-02 02:49:13
500,Atar,20.5169,-13.0499,73.27,13,77,10.96,MR,2022-02-02 02:49:37
501,Bud,39.447,-86.1758,53.69,62,100,13.06,US,2022-02-02 02:49:38
502,Monte Patria,-30.6919,-70.9467,68.27,68,4,3.2,CL,2022-02-02 02:45:45
503,Yarmolyntsi,49.1924,26.8373,22.75,94,100,10.67,UA,2022-02-02 02:50:39
504,Tuy Hoa,13.0833,109.3,76.53,84,68,11.14,VN,2022-02-02 02:50:39
505,Gushi,34.6425,109.5843,38.52,43,86,7.4,CN,2022-02-02 02:50:39
506,Matara,5.9485,80.5353,77.0,68,19,10.67,LK,2022-02-02 02:50:40
507,Esna,25.2934,32.554,44.62,69,0,1.25,EG,2022-02-02 02:50:41
508,Shakhovskaya,56.0283,35.5097,15.44,93,100,9.42,RU,2022-02-02 02:50:42
509,Padang,-0.9492,100.3543,82.45,75,100,2.62,ID,2022-02-02 02:50:04
510,Santa Lucia,27.9117,-15.5407,64.76,35,20,3.44,ES,2022-02-02 02:50:43
511,Isabela,6.7085,121.9711,87.85,65,97,7.11,PH,2022-02-02 02:50:43
512,Jasper,37.2001,-94.3502,51.35,91,100,8.01,US,2022-02-02 02:50:44
513,Port-Cartier,50.0334,-66.8654,1.74,92,100,2.51,CA,2022-02-02 02:50:44
514,Pankrushikha,53.8319,80.3406,16.07,96,100,5.3,RU,2022-02-02 02:50:45
515,Devonport,-41.1667,146.35,67.98,42,33,12.1,AU,2022-02-02 02:50:45
516,Srednekolymsk,67.45,153.6833,-8.54,89,100,10.49,RU,2022-02-02 02:48:16
517,Xam Nua,20.4197,104.0439,61.3,78,92,2.62,LA,2022-02-02 02:50:46
518,Pangnirtung,66.1451,-65.7125,-18.85,81,82,6.42,CA,2022-02-02 02:50:46
519,Northam,51.0333,-4.2167,49.6,90,100,16.04,GB,2022-02-02 02:49:12
520,Tabou,4.423,-7.3528,77.5,82,100,2.21,CI,2022-02-02 02:50:47
521,Sayyan,15.1718,44.3244,50.0,45,43,5.64,YE,2022-02-02 02:50:48
522,Laguna,38.421,-121.4238,57.09,33,0,8.01,US,2022-02-02 02:50:48
523,Maarianhamina,60.0973,19.9348,21.06,86,100,4.61,AX,2022-02-02 02:50:49
524,Half Moon Bay,37.4636,-122.4286,59.07,42,20,4.0,US,2022-02-02 02:50:49
525,Coihaique,-45.5752,-72.0662,58.95,51,0,9.22,CL,2022-02-02 02:49:22
526,Bozeman,45.6796,-111.0386,15.91,84,100,4.0,US,2022-02-02 02:46:54
527,Dudinka,69.4058,86.1778,2.62,93,99,12.12,RU,2022-02-02 02:50:50
528,Leiyang,26.4024,112.8591,37.4,96,100,7.49,CN,2022-02-02 02:50:51
529,Kodinsk,58.6881,99.1844,-4.67,99,73,2.62,RU,2022-02-02 02:46:25
530,Lubao,14.9167,120.55,86.02,54,17,13.53,PH,2022-02-02 02:50:51
531,Pathein,16.7833,94.7333,76.8,43,81,8.43,MM,2022-02-02 02:50:52
532,Miramar,25.9873,-80.2323,70.02,61,20,12.66,US,2022-02-02 02:50:53
533,Nenjiang,49.1833,125.2167,3.92,82,78,4.92,CN,2022-02-02 02:50:53
534,Leh,34.1667,77.5833,-1.5,74,95,2.64,IN,2022-02-02 02:50:54
535,Cabedelo,-6.9811,-34.8339,77.67,77,16,9.01,BR,2022-02-02 02:50:54
536,Kisangani,0.5167,25.2,69.71,83,92,2.3,CD,2022-02-02 02:50:55
537,Ocala,29.1872,-82.1401,58.73,74,13,1.01,US,2022-02-02 02:49:49
538,Makariv,50.4641,29.8113,23.09,92,75,7.67,UA,2022-02-02 02:50:55
539,Chalus,36.655,51.4204,40.46,70,0,0.0,IR,2022-02-02 02:50:56
540,Campbell River,50.0163,-125.2446,36.93,100,20,2.3,CA,2022-02-02 02:50:56
541,Tahta,26.7693,31.5021,46.72,50,49,2.33,EG,2022-02-02 02:50:57
542,Lere,10.387,8.5726,58.37,22,0,4.63,NG,2022-02-02 02:50:57
543,Mildura,-34.2,142.15,71.08,28,0,13.8,AU,2022-02-02 02:50:58
544,Roald,62.5833,6.1333,37.54,70,75,13.8,NO,2022-02-02 02:50:59
545,Tchibanga,-2.85,11.0333,71.85,93,99,1.39,GA,2022-02-02 02:50:59
546,Panguna,-6.3164,155.4848,79.7,68,64,4.23,PG,2022-02-02 02:51:00
547,Kurilsk,45.2333,147.8833,24.71,85,98,19.57,RU,2022-02-02 02:51:00
548,Casablanca,33.5928,-7.6192,53.62,60,1,6.55,MA,2022-02-02 02:48:16
549,Lincoln,40.8,-96.667,26.17,45,100,3.0,US,2022-02-02 02:49:20
550,Carbonia,39.1672,8.5222,46.99,79,22,16.42,IT,2022-02-02 02:51:01
551,Murgab,37.4966,61.9714,44.47,65,75,11.5,TM,2022-02-02 02:51:02
552,Panjab,34.388,67.0233,16.75,96,100,2.35,AF,2022-02-02 02:52:02
553,Aksha,50.2814,113.2867,2.05,77,78,6.85,RU,2022-02-02 02:52:03
554,Akonolinga,3.7667,12.25,68.72,82,100,2.15,CM,2022-02-02 02:52:03
555,Polunochnoye,60.8697,60.4153,12.4,97,100,1.59,RU,2022-02-02 02:52:04
556,Innisfail,-17.5333,146.0333,86.07,70,100,8.61,AU,2022-02-02 02:52:04
557,Caldwell,43.6629,-116.6874,32.14,73,100,0.0,US,2022-02-02 02:50:38
